{
    "resolution": [
        520,
        779
    ],
    "bounds": [
        0.02236104094082357,
        111.80520470411784
    ],
    "translation_scale": 13.333333333333332,
    "train_frame_nums": [
        29,
        85,
        138,
        242,
        22
    ],
    "intrinsic": [
        [
            807.8953247070312,
            0.0,
            389.375
        ],
        [
            0.0,
            807.8953247070312,
            259.75
        ],
        [
            0.0,
            0.0,
            1.0
        ]
    ],
    "average_pose": [
        [
            0.9407200251405398,
            0.2032935031882238,
            -0.2715098264539277,
            4.953519449752811
        ],
        [
            -0.3111480333689805,
            0.8358951999361984,
            -0.4521792963573615,
            -11.781096107590484
        ],
        [
            0.13502864744267434,
            0.5098538675788213,
            0.8495977272125435,
            8.481006541250634
        ],
        [
            0.0,
            0.0,
            0.0,
            1.0
        ]
    ],
    "near": 0.020124936846741215,
    "far": 111.80520470411784
}